ID,category
27057,Educación y autoeducación
27060,Participacion
27068,Reciprocidad-Redes
27086,Educación y autoeducación
27099,Inclusión y Diversidad
27101,Participacion
27103,Participacion
27112,Participacion
27118,Protesta Social
27129,Participacion
27137,Reciprocidad-Redes
27161,Reciprocidad-Redes
27170,Reciprocidad-Redes
27180,Participacion
27201,Reciprocidad-Redes
27206,Inclusión y Diversidad
27222,Participacion
27226,Participacion
27231,Autocuidado y Salud
27261,Participacion
27278,Protesta Social
27280,Reciprocidad-Redes
27288,Voluntariado
27290,Educación y autoeducación
27301,Educación y autoeducación
27307,Sustentabilidad Ambiental
27312,Voluntariado
27314,Voluntariado
27317,Confianza en las instituciones
27324,Educación y autoeducación
27345,Sustentabilidad Ambiental
27351,Voluntariado
27352,Participacion
27353,Educación y autoeducación
27379,Educación y autoeducación
27383,Participacion
27386,Sustentabilidad Ambiental
27387,Confianza en las instituciones
27421,Participacion
27436,Sustentabilidad Ambiental
27464,Educación y autoeducación
27467,Educación y autoeducación
27469,Voluntariado
27471,Voluntariado
27472,Cultura
27478,Voluntariado
27483,Educación y autoeducación
27487,Educación y autoeducación
27489,Educación y autoeducación
27493,Reciprocidad-Redes
27501,Participacion
27502,Participacion
27504,Trabajo
27522,Educación y autoeducación
27526,Participacion
27527,Participacion
27593,Confianza en las instituciones
27597,Participacion
27608,Participacion
27609,Inclusión y Diversidad
27632,Participacion
27635,Sustentabilidad Ambiental
27638,Reciprocidad-Redes
27643,Inclusión y Diversidad
27646,Protesta Social
27669,Protesta Social
27670,Voluntariado
27671,Voluntariado
27695,Protesta Social
27706,Protesta Social
27716,Educación y autoeducación
27719,Educación y autoeducación
27720,Participacion
27729,Reciprocidad-Redes
27730,Voluntariado
27752,Voluntariado
27753,Educación y autoeducación
27757,Educación y autoeducación
27767,Participacion
27769,Participacion
27774,Protesta Social
27807,Voluntariado
27816,Participacion
27822,Voluntariado
27834,Reciprocidad-Redes
27838,Sustentabilidad Ambiental
27853,Reciprocidad-Redes
27857,Trabajo
27862,Participacion
27879,Educación y autoeducación
27888,Confianza en las instituciones
27891,Trabajo
27937,Educación y autoeducación
27939,Educación y autoeducación
27942,Protesta Social
27952,Trabajo
27956,Educación y autoeducación
27958,Protesta Social
27990,Educación y autoeducación
28000,Reciprocidad-Redes
28004,Reciprocidad-Redes
28005,Sustentabilidad Ambiental
28007,Sustentabilidad Ambiental
28008,Reciprocidad-Redes
28016,Participacion
28050,Protesta Social
28057,Voluntariado
28066,Educación y autoeducación
28086,Trabajo
28102,Protesta Social
28112,Cultura
28154,Educación y autoeducación
28159,Confianza en las instituciones
28162,Educación y autoeducación
28171,Reciprocidad-Redes
28175,Reciprocidad-Redes
28193,Protesta Social
28243,Trabajo
28248,Confianza en las instituciones
28261,Reciprocidad-Redes
28269,Participacion
28275,Educación y autoeducación
28288,Participacion
28290,Voluntariado
28297,Educación y autoeducación
28306,Educación y autoeducación
28317,Voluntariado
28322,Participacion
28327,Voluntariado
28332,Reciprocidad-Redes
28338,Confianza en las instituciones
28340,Reciprocidad-Redes
28342,Educación y autoeducación
28348,Participacion
28352,Confianza en las instituciones
28353,Sustentabilidad Ambiental
28376,Participacion
28380,Reciprocidad-Redes
28403,Educación y autoeducación
28408,Sustentabilidad Ambiental
28410,Educación y autoeducación
28415,Participacion
28416,Reciprocidad-Redes
28417,Voluntariado
28418,Voluntariado
28421,Participacion
28432,Trabajo
28436,Sustentabilidad Ambiental
28447,Cultura
28456,Voluntariado
28459,Protesta Social
28462,Trabajo
28463,Voluntariado
28468,Confianza en las instituciones
28473,Participacion
28482,Trabajo
28506,Educación y autoeducación
28510,Cultura
28556,Sustentabilidad Ambiental
28570,Reciprocidad-Redes
28571,Voluntariado
28575,Participacion
28576,Educación y autoeducación
28582,Sustentabilidad Ambiental
28609,Participacion
28619,Reciprocidad-Redes
28632,Reciprocidad-Redes
28633,Inclusión y Diversidad
28634,Trabajo
28637,Reciprocidad-Redes
28655,Inclusión y Diversidad
28661,Participacion
28687,Reciprocidad-Redes
28690,Participacion
28691,Combatir Delincuencia
28703,Reciprocidad-Redes
28704,Voluntariado
28720,Educación y autoeducación
28727,Participacion
28741,Confianza en las instituciones
28747,Educación y autoeducación
28751,Voluntariado
28762,Autocuidado y Salud
28781,Sustentabilidad Ambiental
28793,Reciprocidad-Redes
28796,Reciprocidad-Redes
28807,Educación y autoeducación
28815,Educación y autoeducación
28831,Educación y autoeducación
28835,Trabajo
28846,Educación y autoeducación
28847,Trabajo
28855,Educación y autoeducación
28859,Trabajo
28865,Participacion
28871,Voluntariado
28882,Participacion
28889,Sustentabilidad Ambiental
28891,Participacion
28894,Reciprocidad-Redes
28935,Educación y autoeducación
28943,Protesta Social
28945,Sustentabilidad Ambiental
28946,Participacion
28959,Sustentabilidad Ambiental
28960,Educación y autoeducación
28962,Participacion
28975,Participacion
28981,Educación y autoeducación
28998,Participacion
29003,Voluntariado
29009,Participacion
29023,Educación y autoeducación
29026,Reciprocidad-Redes
29027,Reciprocidad-Redes
29036,Educación y autoeducación
29049,Participacion
29053,Participacion
29071,Educación y autoeducación
29074,Educación y autoeducación
29086,Educación y autoeducación
29091,Educación y autoeducación
29120,Inclusión y Diversidad
29132,Educación y autoeducación
29148,Sustentabilidad Ambiental
29150,Educación y autoeducación
29175,Educación y autoeducación
29182,Reciprocidad-Redes
29187,Trabajo
29190,Reciprocidad-Redes
29199,Trabajo
29207,Educación y autoeducación
29221,Voluntariado
29223,Educación y autoeducación
29225,Reciprocidad-Redes
29226,Confianza en las instituciones
29229,Voluntariado
29245,Reciprocidad-Redes
29257,Participacion
29260,Participacion
29280,Reciprocidad-Redes
29297,Educación y autoeducación
29300,Inclusión y Diversidad
29305,Protesta Social
29311,Educación y autoeducación
29319,Reciprocidad-Redes
29338,Reciprocidad-Redes
29340,Educación y autoeducación
29344,Trabajo
29349,Participacion
29351,Autocuidado y Salud
29352,Inclusión y Diversidad
29361,Trabajo
29378,Educación y autoeducación
29380,Reciprocidad-Redes
29381,Participacion
29383,Trabajo
29389,Reciprocidad-Redes
29398,Participacion
29410,Trabajo
29418,Sustentabilidad Ambiental
29451,Participacion
29458,Educación y autoeducación
29463,Participacion
29464,Protesta Social
29471,Participacion
29499,Reciprocidad-Redes
29516,Participacion
29542,Participacion
29546,Reciprocidad-Redes
29547,Reciprocidad-Redes
29549,Educación y autoeducación
29551,Reciprocidad-Redes
29552,Educación y autoeducación
29561,Confianza en las instituciones
29580,Educación y autoeducación
29602,Voluntariado
29603,Voluntariado
29605,Educación y autoeducación
29614,Trabajo
29636,Participacion
29637,Educación y autoeducación
29642,Trabajo
29647,Autocuidado y Salud
29652,Educación y autoeducación
29656,Reciprocidad-Redes
29678,Voluntariado
29692,Inclusión y Diversidad
29705,Sustentabilidad Ambiental
29717,Voluntariado
29730,Voluntariado
29732,Reciprocidad-Redes
29736,Participacion
29739,Educación y autoeducación
29746,Participacion
29751,Confianza en las instituciones
29763,Inclusión y Diversidad
29764,Reciprocidad-Redes
29785,Reciprocidad-Redes
29789,Participacion
29791,Autocuidado y Salud
29798,Trabajo
29809,Confianza en las instituciones
29810,Sustentabilidad Ambiental
29811,Participacion
29816,Voluntariado
29826,Voluntariado
29858,Sustentabilidad Ambiental
29888,Trabajo
29890,Reciprocidad-Redes
29895,Participacion
29896,Participacion
29898,Voluntariado
29906,Educación y autoeducación
29913,Voluntariado
29924,Protesta Social
29926,Participacion
29927,Sustentabilidad Ambiental
29928,Voluntariado
29934,Autocuidado y Salud
29944,Confianza en las instituciones
29948,Voluntariado
29964,Trabajo
29981,Trabajo
29987,Voluntariado
29993,Reciprocidad-Redes
30005,Confianza en las instituciones
30012,Trabajo
30014,Reciprocidad-Redes
30032,Participacion
30046,Voluntariado
30048,Trabajo
30065,Participacion
30067,Voluntariado
30074,Confianza en las instituciones
30086,Protesta Social
30089,Educación y autoeducación
30093,Voluntariado
30108,Reciprocidad-Redes
30111,Reciprocidad-Redes
30113,Protesta Social
30125,Participacion
30137,Reciprocidad-Redes
30138,Educación y autoeducación
30139,Voluntariado
30176,Reciprocidad-Redes
30183,Reciprocidad-Redes
30200,Participacion
30203,Participacion
30210,Reciprocidad-Redes
30211,Reciprocidad-Redes
30216,Reciprocidad-Redes
30219,Sustentabilidad Ambiental
30221,Participacion
30244,Sustentabilidad Ambiental
30247,Participacion
30251,Participacion
30254,Participacion
30274,Reciprocidad-Redes
30277,Confianza en las instituciones
30279,Sustentabilidad Ambiental
30290,Educación y autoeducación
30292,Voluntariado
30300,Sustentabilidad Ambiental
30303,Trabajo
30309,Educación y autoeducación
30314,Reciprocidad-Redes
30316,Combatir Delincuencia
30342,Reciprocidad-Redes
30352,Protesta Social
30355,Participacion
30358,Reciprocidad-Redes
30360,Sustentabilidad Ambiental
30386,Reciprocidad-Redes
30387,Reciprocidad-Redes
30393,Autocuidado y Salud
30397,Participacion
30399,Educación y autoeducación
30400,Reciprocidad-Redes
30404,Educación y autoeducación
30412,Reciprocidad-Redes
30431,Cultura
30433,Reciprocidad-Redes
30437,Inclusión y Diversidad
30448,Protesta Social
30450,Protesta Social
30457,Reciprocidad-Redes
30463,Participacion
30468,Reciprocidad-Redes
30470,Reciprocidad-Redes
30476,Reciprocidad-Redes
30509,Participacion
30517,Participacion
30527,Reciprocidad-Redes
30528,Participacion
30530,Sustentabilidad Ambiental
30531,Reciprocidad-Redes
30548,Educación y autoeducación
30558,Reciprocidad-Redes
30559,Reciprocidad-Redes
30563,Reciprocidad-Redes
30586,Confianza en las instituciones
30587,Educación y autoeducación
30588,Trabajo
30600,Trabajo
30615,Reciprocidad-Redes
30642,Educación y autoeducación
30645,Educación y autoeducación
30679,Voluntariado
30681,Voluntariado
30682,Participacion
30688,Participacion
30701,Participacion
30725,Reciprocidad-Redes
30729,Educación y autoeducación
30731,Reciprocidad-Redes
30755,Participacion
30756,Protesta Social
30775,Reciprocidad-Redes
30785,Voluntariado
30792,Participacion
30810,Voluntariado
30811,Confianza en las instituciones
30821,Participacion
30824,Trabajo
30833,Reciprocidad-Redes
30877,Reciprocidad-Redes
30890,Reciprocidad-Redes
30897,Trabajo
30900,Protesta Social
30927,Educación y autoeducación
30938,Participacion
30945,Sustentabilidad Ambiental
30950,Sustentabilidad Ambiental
30958,Voluntariado
30981,Confianza en las instituciones
30989,Sustentabilidad Ambiental
30994,Participacion
30997,Reciprocidad-Redes
30999,Reciprocidad-Redes
31001,Trabajo
31007,Reciprocidad-Redes
31012,Reciprocidad-Redes
31019,Reciprocidad-Redes
31021,Participacion
31029,Voluntariado
31034,Combatir Delincuencia
31071,Participacion
31074,Reciprocidad-Redes
31076,Participacion
31077,Reciprocidad-Redes
31083,Voluntariado
31088,Participacion
31095,Confianza en las instituciones
31104,Voluntariado
31116,Educación y autoeducación
31119,Participacion
31120,Reciprocidad-Redes
31125,Reciprocidad-Redes
31134,Reciprocidad-Redes
31135,Participacion
31140,Participacion
31162,Reciprocidad-Redes
31172,Educación y autoeducación
31176,Voluntariado
31191,Confianza en las instituciones
31201,Reciprocidad-Redes
31202,Protesta Social
31205,Educación y autoeducación
31210,Combatir Delincuencia
31218,Voluntariado
31241,Reciprocidad-Redes
31244,Inclusión y Diversidad
31247,Educación y autoeducación
31255,Participacion
31280,Reciprocidad-Redes
31304,Reciprocidad-Redes
31322,Reciprocidad-Redes
31335,Reciprocidad-Redes
31346,Educación y autoeducación
31356,Educación y autoeducación
31361,Educación y autoeducación
31364,Reciprocidad-Redes
31365,Trabajo
31381,Reciprocidad-Redes
31388,Reciprocidad-Redes
31408,Participacion
31411,Participacion
31412,Reciprocidad-Redes
31421,Participacion
31427,Reciprocidad-Redes
31461,Voluntariado
31465,Voluntariado
31470,Reciprocidad-Redes
31497,Reciprocidad-Redes
31501,Educación y autoeducación
31502,Confianza en las instituciones
31510,Participacion
31514,Participacion
31523,Sustentabilidad Ambiental
31524,Sustentabilidad Ambiental
31543,Sustentabilidad Ambiental
31545,Confianza en las instituciones
31555,Educación y autoeducación
31565,Protesta Social
31593,Participacion
31608,Voluntariado
31616,Educación y autoeducación
31624,Participacion
31630,Educación y autoeducación
31632,Educación y autoeducación
31634,Trabajo
31636,Voluntariado
31640,Trabajo
31642,Participacion
31649,Participacion
31663,Participacion
31664,Voluntariado
31684,Educación y autoeducación
31685,Sustentabilidad Ambiental
31700,Voluntariado
31723,Reciprocidad-Redes
31745,Participacion
31746,Educación y autoeducación
31768,Reciprocidad-Redes
31774,Sustentabilidad Ambiental
31784,Educación y autoeducación
31802,Educación y autoeducación
31817,Reciprocidad-Redes
31819,Reciprocidad-Redes
31833,Reciprocidad-Redes
31836,Voluntariado
31863,Inclusión y Diversidad
31867,Reciprocidad-Redes
31915,Reciprocidad-Redes
31916,Trabajo
31918,Sustentabilidad Ambiental
31924,Educación y autoeducación
31927,Sustentabilidad Ambiental
31936,Reciprocidad-Redes
31952,Participacion
31960,Reciprocidad-Redes
31963,Reciprocidad-Redes
32004,Reciprocidad-Redes
32023,Reciprocidad-Redes
32024,Confianza en las instituciones
32032,Educación y autoeducación
32037,Autocuidado y Salud
32040,Voluntariado
32046,Reciprocidad-Redes
32053,Voluntariado
32054,Sustentabilidad Ambiental
32056,Participacion
32061,Reciprocidad-Redes
32067,Participacion
32068,Educación y autoeducación
32070,Protesta Social
32076,Participacion
32088,Reciprocidad-Redes
32101,Reciprocidad-Redes
32107,Participacion
32111,Participacion
32120,Participacion
32124,Participacion
32125,Participacion
32129,Reciprocidad-Redes
32136,Voluntariado
32145,Educación y autoeducación
32146,Reciprocidad-Redes
32154,Participacion
32165,Participacion
32174,Educación y autoeducación
32177,Participacion
32178,Participacion
32180,Participacion
32183,Educación y autoeducación
32187,Reciprocidad-Redes
32191,Confianza en las instituciones
32214,Sustentabilidad Ambiental
32216,Participacion
32232,Participacion
32243,Inclusión y Diversidad
32244,Participacion
32251,Educación y autoeducación
32258,Reciprocidad-Redes
32260,Confianza en las instituciones
32262,Voluntariado
32263,Trabajo
32274,Reciprocidad-Redes
32275,Participacion
32283,Voluntariado
32319,Participacion
32328,Educación y autoeducación
32333,Voluntariado
32336,Inclusión y Diversidad
32339,Protesta Social
32340,Confianza en las instituciones
32350,Voluntariado
32352,Educación y autoeducación
32358,Reciprocidad-Redes
32361,Trabajo
32365,Educación y autoeducación
32366,Sustentabilidad Ambiental
32369,Voluntariado
32372,Reciprocidad-Redes
32390,Reciprocidad-Redes
32407,Participacion
32408,Protesta Social
32415,Reciprocidad-Redes
32418,Sustentabilidad Ambiental
32434,Participacion
32435,Participacion
32449,Reciprocidad-Redes
32457,Voluntariado
32462,Educación y autoeducación
32463,Reciprocidad-Redes
32464,Voluntariado
32469,Reciprocidad-Redes
32479,Participacion
32496,Protesta Social
32498,Participacion
32499,Participacion
32502,Sustentabilidad Ambiental
32511,Reciprocidad-Redes
32516,Reciprocidad-Redes
32518,Reciprocidad-Redes
32534,Voluntariado
32538,Cultura
32559,Participacion
32566,Protesta Social
32567,Participacion
32572,Participacion
32574,Voluntariado
32575,Combatir Delincuencia
32583,Sustentabilidad Ambiental
32585,Educación y autoeducación
32598,Trabajo
32599,Reciprocidad-Redes
32605,Autocuidado y Salud
32606,Inclusión y Diversidad
32607,Participacion
32615,Educación y autoeducación
32626,Educación y autoeducación
32636,Confianza en las instituciones
32648,Participacion
32650,Sustentabilidad Ambiental
32660,Educación y autoeducación
32661,Confianza en las instituciones
32664,Inclusión y Diversidad
32688,Inclusión y Diversidad
32689,Trabajo
32711,Protesta Social
32731,Sustentabilidad Ambiental
32746,Voluntariado
32748,Reciprocidad-Redes
32782,Sustentabilidad Ambiental
32802,Educación y autoeducación
32808,Trabajo
32816,Participacion
32832,Confianza en las instituciones
32867,Participacion
32873,Educación y autoeducación
32875,Participacion
32879,Participacion
32884,Participacion
32896,Participacion
32922,Reciprocidad-Redes
32952,Reciprocidad-Redes
32953,Combatir Delincuencia
32956,Participacion
32964,Reciprocidad-Redes
32988,Trabajo
33009,Educación y autoeducación
33012,Combatir Delincuencia
33016,Participacion
33025,Combatir Delincuencia
33026,Reciprocidad-Redes
33044,Sustentabilidad Ambiental
33054,Participacion
33063,Participacion
33065,Reciprocidad-Redes
33076,Trabajo
33077,Reciprocidad-Redes
33081,Educación y autoeducación
33088,Reciprocidad-Redes
33095,Sustentabilidad Ambiental
33098,Trabajo
33103,Reciprocidad-Redes
33111,Reciprocidad-Redes
33112,Participacion
33116,Voluntariado
33119,Sustentabilidad Ambiental
33120,Protesta Social
33136,Participacion
33171,Protesta Social
33176,Participacion
33181,Educación y autoeducación
33206,Participacion
33207,Cultura
33218,Participacion
33241,Participacion
33277,Reciprocidad-Redes
33278,Participacion
33279,Educación y autoeducación
33299,Educación y autoeducación
33304,Inclusión y Diversidad
33311,Participacion
33313,Reciprocidad-Redes
33319,Participacion
33329,Educación y autoeducación
33350,Reciprocidad-Redes
33366,Sustentabilidad Ambiental
33384,Inclusión y Diversidad
33394,Participacion
33398,Participacion
33401,Educación y autoeducación
33404,Reciprocidad-Redes
33416,Inclusión y Diversidad
33417,Reciprocidad-Redes
33418,Educación y autoeducación
33427,Participacion
33429,Educación y autoeducación
33447,Educación y autoeducación
33448,Sustentabilidad Ambiental
33461,Cultura
33462,Sustentabilidad Ambiental
33464,Educación y autoeducación
33471,Participacion
33472,Trabajo
33474,Educación y autoeducación
33494,Reciprocidad-Redes
33496,Participacion
33499,Cultura
33504,Confianza en las instituciones
33511,Inclusión y Diversidad
33529,Trabajo
33530,Participacion
33531,Trabajo
33537,Reciprocidad-Redes
33539,Reciprocidad-Redes
33545,Reciprocidad-Redes
33573,Reciprocidad-Redes
33580,Confianza en las instituciones
33589,Reciprocidad-Redes
33590,Reciprocidad-Redes
33593,Protesta Social
33603,Reciprocidad-Redes
33610,Educación y autoeducación
33612,Educación y autoeducación
33626,Reciprocidad-Redes
33630,Trabajo
33631,Sustentabilidad Ambiental
33633,Voluntariado
33637,Reciprocidad-Redes
33646,Reciprocidad-Redes
33648,Voluntariado
33651,Protesta Social
33657,Cultura
33662,Sustentabilidad Ambiental
33671,Participacion
33672,Confianza en las instituciones
33677,Participacion
33680,Reciprocidad-Redes
33686,Trabajo
33687,Protesta Social
33689,Voluntariado
33690,Sustentabilidad Ambiental
33708,Confianza en las instituciones
33709,Reciprocidad-Redes
33724,Sustentabilidad Ambiental
33725,Voluntariado
33745,Participacion
33755,Confianza en las instituciones
33756,Confianza en las instituciones
33758,Reciprocidad-Redes
33760,Sustentabilidad Ambiental
33775,Educación y autoeducación
33786,Inclusión y Diversidad
33793,Protesta Social
33803,Educación y autoeducación
33808,Reciprocidad-Redes
33813,Participacion
33817,Participacion
33818,Trabajo
33833,Inclusión y Diversidad
33841,Educación y autoeducación
33853,Reciprocidad-Redes
33885,Participacion
33886,Participacion
33888,Educación y autoeducación
33894,Voluntariado
33896,Confianza en las instituciones
33915,Participacion
33942,Participacion
33947,Educación y autoeducación
33962,Voluntariado
33964,Educación y autoeducación
33974,Inclusión y Diversidad
33976,Sustentabilidad Ambiental
33979,Autocuidado y Salud
33984,Protesta Social
33985,Sustentabilidad Ambiental
33989,Protesta Social
34012,Voluntariado
34013,Participacion
34052,Participacion
34076,Protesta Social
34082,Reciprocidad-Redes
34092,Educación y autoeducación
34103,Voluntariado
34118,Reciprocidad-Redes
34122,Reciprocidad-Redes
34123,Reciprocidad-Redes
34143,Participacion
34151,Cultura
34163,Participacion
34166,Participacion
34180,Trabajo
34182,Protesta Social
34184,Educación y autoeducación
34207,Trabajo
34208,Educación y autoeducación
34210,Participacion
34227,Voluntariado
34230,Reciprocidad-Redes
34232,Sustentabilidad Ambiental
34242,Participacion
34250,Participacion
34268,Reciprocidad-Redes
34276,Trabajo
34289,Educación y autoeducación
34295,Sustentabilidad Ambiental
34318,Educación y autoeducación
34319,Participacion
34322,Participacion
34329,Educación y autoeducación
34368,Reciprocidad-Redes
34377,Trabajo
34403,Reciprocidad-Redes
34406,Combatir Delincuencia
34408,Educación y autoeducación
34409,Educación y autoeducación
34410,Educación y autoeducación
34412,Voluntariado
34413,Educación y autoeducación
34432,Participacion
34439,Reciprocidad-Redes
34450,Educación y autoeducación
34461,Educación y autoeducación
34501,Reciprocidad-Redes
34503,Educación y autoeducación
34509,Reciprocidad-Redes
34510,Participacion
34525,Participacion
34528,Protesta Social
34531,Educación y autoeducación
34534,Educación y autoeducación
34555,Sustentabilidad Ambiental
34561,Sustentabilidad Ambiental
34565,Voluntariado
34566,Protesta Social
34571,Cultura
34578,Reciprocidad-Redes
34609,Participacion
34611,Educación y autoeducación
34634,Confianza en las instituciones
34637,Trabajo
34642,Participacion
34647,Sustentabilidad Ambiental
34654,Educación y autoeducación
34676,Educación y autoeducación
34734,Cultura
34738,Sustentabilidad Ambiental
34772,Educación y autoeducación
34778,Participacion
34811,Sustentabilidad Ambiental
34813,Reciprocidad-Redes
34828,Participacion
34830,Participacion
34856,Trabajo
34882,Educación y autoeducación
34889,Voluntariado
34895,Reciprocidad-Redes
34900,Educación y autoeducación
34927,Reciprocidad-Redes
34941,Voluntariado
34944,Reciprocidad-Redes
34947,Reciprocidad-Redes
34950,Sustentabilidad Ambiental
34951,Educación y autoeducación
34952,Participacion
34957,Trabajo
34971,Trabajo
34980,Reciprocidad-Redes
34993,Participacion
34998,Participacion
35005,Participacion
35009,Participacion
35017,Educación y autoeducación
35020,Participacion
35024,Participacion
35037,Reciprocidad-Redes
35060,Confianza en las instituciones
35063,Educación y autoeducación
35067,Sustentabilidad Ambiental
35069,Protesta Social
35078,Voluntariado
35090,Participacion
35100,Participacion
35103,Educación y autoeducación
35111,Reciprocidad-Redes
35120,Participacion
35172,Participacion
35191,Educación y autoeducación
35199,Reciprocidad-Redes
35200,Voluntariado
35202,Reciprocidad-Redes
35214,Educación y autoeducación
35221,Cultura
35224,Reciprocidad-Redes
35235,Reciprocidad-Redes
35244,Autocuidado y Salud
35253,Confianza en las instituciones
35286,Educación y autoeducación
35288,Participacion
35301,Educación y autoeducación
35305,Participacion
35306,Participacion
35309,Educación y autoeducación
35319,Reciprocidad-Redes
35343,Participacion
35344,Participacion
35351,Voluntariado
35372,Voluntariado
35381,Educación y autoeducación
35388,Trabajo
35406,Participacion
35432,Confianza en las instituciones
35433,Educación y autoeducación
35442,Participacion
35470,Combatir Delincuencia
35477,Participacion
35484,Participacion
35492,Sustentabilidad Ambiental
35511,Reciprocidad-Redes
35531,Reciprocidad-Redes
35543,Participacion
35544,Participacion
35545,Participacion
35546,Participacion
35554,Reciprocidad-Redes
35558,Voluntariado
35566,Reciprocidad-Redes
35574,Trabajo
35575,Reciprocidad-Redes
35589,Educación y autoeducación
35590,Participacion
35592,Trabajo
35615,Educación y autoeducación
35635,Participacion
35644,Participacion
35648,Educación y autoeducación
35652,Participacion
35658,Participacion
35667,Reciprocidad-Redes
35672,Participacion
35676,Participacion
35679,Participacion
35682,Educación y autoeducación
35690,Participacion
35693,Inclusión y Diversidad
35708,Educación y autoeducación
35723,Voluntariado
35738,Sustentabilidad Ambiental
35745,Participacion
35749,Voluntariado
35750,Participacion
35753,Participacion
35756,Sustentabilidad Ambiental
35770,Participacion
35793,Reciprocidad-Redes
35794,Autocuidado y Salud
35797,Voluntariado
35828,Reciprocidad-Redes
35841,Voluntariado
35842,Reciprocidad-Redes
35857,Voluntariado
35859,Educación y autoeducación
35885,Voluntariado
35890,Participacion
35891,Confianza en las instituciones
35893,Trabajo
35957,Participacion
35961,Voluntariado
35982,Inclusión y Diversidad
35987,Educación y autoeducación
35989,Reciprocidad-Redes
35997,Autocuidado y Salud
36000,Voluntariado
36007,Sustentabilidad Ambiental
36012,Reciprocidad-Redes
36018,Educación y autoeducación
36037,Participacion
36040,Confianza en las instituciones
36060,Participacion
36073,Educación y autoeducación
36099,Trabajo
36106,Reciprocidad-Redes
36121,Sustentabilidad Ambiental
36125,Participacion
36133,Reciprocidad-Redes
36171,Sustentabilidad Ambiental
36183,Autocuidado y Salud
36187,Voluntariado
36195,Participacion
36196,Participacion
36207,Reciprocidad-Redes
36210,Participacion
36216,Reciprocidad-Redes
36221,Reciprocidad-Redes
36226,Reciprocidad-Redes
36230,Educación y autoeducación
36234,Participacion
36238,Confianza en las instituciones
36247,Voluntariado
36256,Reciprocidad-Redes
36260,Protesta Social
36265,Voluntariado
36291,Sustentabilidad Ambiental
36292,Reciprocidad-Redes
36301,Reciprocidad-Redes
36305,Educación y autoeducación
36316,Sustentabilidad Ambiental
36341,Reciprocidad-Redes
36346,Educación y autoeducación
36347,Participacion
36360,Confianza en las instituciones
36371,Inclusión y Diversidad
36375,Sustentabilidad Ambiental
36381,Reciprocidad-Redes
36415,Reciprocidad-Redes
36424,Participacion
36437,Confianza en las instituciones
36444,Combatir Delincuencia
36452,Sustentabilidad Ambiental
36455,Sustentabilidad Ambiental
36458,Sustentabilidad Ambiental
36463,Participacion
36465,Sustentabilidad Ambiental
36467,Educación y autoeducación
36478,Sustentabilidad Ambiental
36481,Sustentabilidad Ambiental
36485,Sustentabilidad Ambiental
36495,Sustentabilidad Ambiental
36500,Protesta Social
36506,Inclusión y Diversidad
36509,Reciprocidad-Redes
36537,Sustentabilidad Ambiental
36544,Educación y autoeducación
36557,Educación y autoeducación
36568,Confianza en las instituciones
36584,Reciprocidad-Redes
36589,Reciprocidad-Redes
36597,Protesta Social
36605,Sustentabilidad Ambiental
36607,Sustentabilidad Ambiental
36611,Sustentabilidad Ambiental
36613,Sustentabilidad Ambiental
36632,Participacion
36638,Educación y autoeducación
36639,Participacion
36644,Participacion
36656,Voluntariado
36671,Autocuidado y Salud
36676,Educación y autoeducación
36689,Combatir Delincuencia
36697,Educación y autoeducación
36699,Protesta Social
36713,Protesta Social
36717,Voluntariado
36725,Protesta Social
36728,Reciprocidad-Redes
36729,Voluntariado
36738,Participacion
36750,Trabajo
36759,Trabajo
36768,Voluntariado
36779,Participacion
36780,Participacion
36790,Inclusión y Diversidad
36800,Reciprocidad-Redes
36813,Voluntariado
36836,Voluntariado
36841,Voluntariado
36850,Reciprocidad-Redes
36862,Participacion
36877,Reciprocidad-Redes
36880,Trabajo
36961,Participacion
36962,Educación y autoeducación
36964,Participacion
36966,Participacion
36970,Trabajo
36979,Inclusión y Diversidad
36996,Participacion
36998,Participacion
36999,Participacion
37002,Cultura
37010,Sustentabilidad Ambiental
37014,Voluntariado
37017,Participacion
37041,Confianza en las instituciones
37058,Educación y autoeducación
37059,Sustentabilidad Ambiental
37072,Participacion
37085,Reciprocidad-Redes
37093,Confianza en las instituciones
37094,Participacion
37095,Participacion
37100,Inclusión y Diversidad
37101,Educación y autoeducación
37134,Participacion
37137,Confianza en las instituciones
37157,Reciprocidad-Redes
37163,Voluntariado
37184,Sustentabilidad Ambiental
37204,Educación y autoeducación
37215,Trabajo
37218,Participacion
37221,Participacion
37250,Trabajo
37260,Sustentabilidad Ambiental
37285,Reciprocidad-Redes
37293,Voluntariado
37298,Educación y autoeducación
37301,Educación y autoeducación
37313,Voluntariado
37327,Reciprocidad-Redes
37336,Participacion
37352,Cultura
37361,Reciprocidad-Redes
37363,Reciprocidad-Redes
37372,Participacion
37410,Trabajo
37420,Educación y autoeducación
37425,Reciprocidad-Redes
37426,Reciprocidad-Redes
37455,Educación y autoeducación
37466,Inclusión y Diversidad
37467,Inclusión y Diversidad
37473,Sustentabilidad Ambiental
37479,Voluntariado
37491,Participacion
37516,Inclusión y Diversidad
37533,Sustentabilidad Ambiental
37550,Educación y autoeducación
37552,Educación y autoeducación
37555,Protesta Social
37568,Educación y autoeducación
37588,Reciprocidad-Redes
37593,Reciprocidad-Redes
37603,Trabajo
37687,Reciprocidad-Redes
37688,Participacion
37699,Protesta Social
37715,Voluntariado
37730,Reciprocidad-Redes
37738,Educación y autoeducación
37746,Protesta Social
37750,Participacion
37751,Autocuidado y Salud
37760,Protesta Social
37763,Participacion
37766,Educación y autoeducación
37776,Participacion
37806,Confianza en las instituciones
37813,Educación y autoeducación
37821,Voluntariado
37831,Participacion
37850,Reciprocidad-Redes
37852,Protesta Social
37854,Educación y autoeducación
37867,Inclusión y Diversidad
37868,Participacion
37874,Voluntariado
37877,Participacion
37879,Reciprocidad-Redes
37903,Educación y autoeducación
37907,Cultura
37909,Voluntariado
37915,Sustentabilidad Ambiental
37938,Voluntariado
37941,Participacion
37945,Voluntariado
37949,Reciprocidad-Redes
37979,Voluntariado
37982,Participacion
37991,Educación y autoeducación
37994,Participacion
38001,Reciprocidad-Redes
38020,Educación y autoeducación
38027,Educación y autoeducación
38033,Educación y autoeducación
38037,Protesta Social
38038,Confianza en las instituciones
38039,Reciprocidad-Redes
38042,Reciprocidad-Redes
38049,Participacion
38051,Educación y autoeducación
38072,Educación y autoeducación
38073,Educación y autoeducación
38102,Reciprocidad-Redes
38109,Educación y autoeducación
38124,Voluntariado
38127,Trabajo
38131,Educación y autoeducación
38140,Educación y autoeducación
38146,Participacion
38159,Educación y autoeducación
38163,Autocuidado y Salud
38175,Reciprocidad-Redes
38178,Reciprocidad-Redes
38180,Sustentabilidad Ambiental
38187,Reciprocidad-Redes
38190,Reciprocidad-Redes
38230,Reciprocidad-Redes
38237,Participacion
38239,Participacion
38241,Voluntariado
38251,Educación y autoeducación
38260,Participacion
38264,Educación y autoeducación
38273,Voluntariado
38287,Voluntariado
38299,Trabajo
38322,Reciprocidad-Redes
38324,Educación y autoeducación
38326,Voluntariado
38327,Combatir Delincuencia
38330,Reciprocidad-Redes
38338,Reciprocidad-Redes
38345,Educación y autoeducación
38346,Confianza en las instituciones
38370,Reciprocidad-Redes
38388,Reciprocidad-Redes
38398,Participacion
38399,Participacion
38424,Educación y autoeducación
38427,Reciprocidad-Redes
38448,Reciprocidad-Redes
38459,Protesta Social
38489,Inclusión y Diversidad
38500,Protesta Social
38505,Reciprocidad-Redes
38526,Voluntariado
38531,Reciprocidad-Redes
38533,Protesta Social
38564,Reciprocidad-Redes
38568,Participacion
38581,Reciprocidad-Redes
38582,Reciprocidad-Redes
38585,Participacion
38589,Protesta Social
38603,Voluntariado
38617,Protesta Social
38633,Participacion
38635,Participacion
38636,Voluntariado
38638,Participacion
38642,Reciprocidad-Redes
38645,Autocuidado y Salud
38660,Trabajo
38680,Inclusión y Diversidad
38684,Reciprocidad-Redes
38687,Participacion
38694,Participacion
38707,Protesta Social
38718,Participacion
38728,Participacion
38743,Protesta Social
38773,Educación y autoeducación
38790,Reciprocidad-Redes
38807,Educación y autoeducación
38813,Protesta Social
38824,Educación y autoeducación
38841,Participacion
38842,Reciprocidad-Redes
38845,Sustentabilidad Ambiental
38865,Participacion
38866,Educación y autoeducación
38878,Participacion
38892,Protesta Social
38897,Participacion
38912,Educación y autoeducación
38926,Confianza en las instituciones
38928,Educación y autoeducación
38942,Inclusión y Diversidad
38948,Inclusión y Diversidad
38953,Protesta Social
38969,Educación y autoeducación
38973,Reciprocidad-Redes
38975,Participacion
38986,Protesta Social
39015,Voluntariado
39021,Sustentabilidad Ambiental
39028,Protesta Social
39034,Trabajo
39050,Educación y autoeducación
39051,Combatir Delincuencia
39062,Protesta Social
39086,Reciprocidad-Redes
39090,Participacion
39099,Reciprocidad-Redes
39104,Voluntariado
39105,Participacion
39107,Sustentabilidad Ambiental
39109,Educación y autoeducación
39116,Sustentabilidad Ambiental
39118,Educación y autoeducación
39133,Educación y autoeducación
39160,Reciprocidad-Redes
39167,Inclusión y Diversidad
39169,Educación y autoeducación
39170,Participacion
39187,Participacion
39198,Protesta Social
39226,Educación y autoeducación
39230,Participacion
39246,Participacion
39282,Educación y autoeducación
39288,Reciprocidad-Redes
39290,Voluntariado
39294,Cultura
39296,Reciprocidad-Redes
39302,Trabajo
39305,Combatir Delincuencia
39307,Voluntariado
39316,Reciprocidad-Redes
39324,Reciprocidad-Redes
39333,Cultura
39335,Sustentabilidad Ambiental
39343,Reciprocidad-Redes
39349,Reciprocidad-Redes
39355,Reciprocidad-Redes
39366,Reciprocidad-Redes
39376,Autocuidado y Salud
39379,Participacion
39386,Combatir Delincuencia
39388,Educación y autoeducación
39390,Trabajo
39407,Voluntariado
39408,Educación y autoeducación
39409,Sustentabilidad Ambiental
39419,Voluntariado
39446,Autocuidado y Salud
39452,Protesta Social
39456,Educación y autoeducación
39457,Participacion
39468,Sustentabilidad Ambiental
39490,Educación y autoeducación
39493,Combatir Delincuencia
39503,Educación y autoeducación
39512,Protesta Social
39516,Participacion
39525,Participacion
39528,Voluntariado
39531,Participacion
39549,Voluntariado
39550,Voluntariado
39552,Sustentabilidad Ambiental
39558,Reciprocidad-Redes
39559,Participacion
39584,Protesta Social
39602,Participacion
39603,Reciprocidad-Redes
39607,Inclusión y Diversidad
39617,Participacion
39632,Reciprocidad-Redes
39635,Educación y autoeducación
39642,Educación y autoeducación
39644,Participacion
39646,Voluntariado
39657,Protesta Social
39667,Reciprocidad-Redes
39676,Educación y autoeducación
39677,Educación y autoeducación
39678,Voluntariado
39683,Educación y autoeducación
39693,Educación y autoeducación
39696,Reciprocidad-Redes
39700,Educación y autoeducación
39721,Voluntariado
39745,Educación y autoeducación
39746,Protesta Social
39751,Participacion
39773,Educación y autoeducación
39794,Participacion
39800,Voluntariado
39830,Trabajo
39849,Participacion
39861,Autocuidado y Salud
39869,Reciprocidad-Redes
39901,Trabajo
39909,Reciprocidad-Redes
39949,Educación y autoeducación
39983,Participacion
39992,Sustentabilidad Ambiental
40003,Protesta Social
40007,Participacion
40022,Educación y autoeducación
40025,Voluntariado
40046,Reciprocidad-Redes
40048,Reciprocidad-Redes
40049,Educación y autoeducación
40091,Cultura
40098,Educación y autoeducación
40114,Reciprocidad-Redes
40124,Confianza en las instituciones
40132,Trabajo
40133,Reciprocidad-Redes
40134,Confianza en las instituciones
40169,Confianza en las instituciones
40194,Educación y autoeducación
40198,Participacion
40205,Trabajo
40248,Educación y autoeducación
40252,Inclusión y Diversidad
40294,Reciprocidad-Redes
40301,Educación y autoeducación
40315,Reciprocidad-Redes
40346,Voluntariado
40363,Trabajo
40364,Educación y autoeducación
40365,Educación y autoeducación
40366,Educación y autoeducación
40424,Voluntariado
40431,Participacion
40432,Confianza en las instituciones
40434,Voluntariado
40453,Inclusión y Diversidad
40467,Participacion
40475,Confianza en las instituciones
40482,Participacion
40485,Confianza en las instituciones
40487,Participacion
40489,Reciprocidad-Redes
40498,Inclusión y Diversidad
40500,Educación y autoeducación
40501,Sustentabilidad Ambiental
40502,Confianza en las instituciones
40509,Protesta Social
40514,Voluntariado
40521,Reciprocidad-Redes
40523,Participacion
40529,Educación y autoeducación
40546,Reciprocidad-Redes
40551,Participacion
40561,Voluntariado
40580,Trabajo
40581,Protesta Social
40589,Participacion
40624,Participacion
40633,Confianza en las instituciones
40638,Educación y autoeducación
40643,Protesta Social
40644,Educación y autoeducación
40649,Educación y autoeducación
40654,Educación y autoeducación
40658,Educación y autoeducación
40659,Inclusión y Diversidad
40669,Voluntariado
40678,Inclusión y Diversidad
40685,Educación y autoeducación
40692,Inclusión y Diversidad
40698,Voluntariado
40706,Sustentabilidad Ambiental
40722,Participacion
40727,Sustentabilidad Ambiental
40730,Reciprocidad-Redes
40739,Voluntariado
40782,Confianza en las instituciones
40783,Educación y autoeducación
40785,Reciprocidad-Redes
40793,Educación y autoeducación
40808,Educación y autoeducación
40811,Educación y autoeducación
40822,Educación y autoeducación
40840,Protesta Social
40841,Reciprocidad-Redes
40846,Sustentabilidad Ambiental
40860,Educación y autoeducación
40867,Reciprocidad-Redes
40868,Protesta Social
40876,Educación y autoeducación
40879,Participacion
40903,Confianza en las instituciones
40905,Participacion
40912,Participacion
40930,Protesta Social
40932,Participacion
40936,Reciprocidad-Redes
40947,Educación y autoeducación
40955,Autocuidado y Salud
40959,Trabajo
40972,Educación y autoeducación
40993,Protesta Social
40995,Voluntariado
41008,Voluntariado
41018,Educación y autoeducación
41023,Protesta Social
41024,Participacion
41026,Reciprocidad-Redes
41027,Participacion
41037,Protesta Social
41045,Educación y autoeducación
41051,Participacion
41053,Reciprocidad-Redes
41055,Educación y autoeducación
41067,Participacion
41073,Educación y autoeducación
41078,Educación y autoeducación
41083,Confianza en las instituciones
41102,Combatir Delincuencia
41114,Reciprocidad-Redes
41170,Educación y autoeducación
41172,Educación y autoeducación
41176,Voluntariado
41177,Reciprocidad-Redes
41178,Participacion
41179,Confianza en las instituciones
41181,Educación y autoeducación
41182,Participacion
41186,Inclusión y Diversidad
41194,Voluntariado
41202,Educación y autoeducación
41222,Reciprocidad-Redes
41225,Participacion
41236,Inclusión y Diversidad
41244,Reciprocidad-Redes
41272,Educación y autoeducación
41274,Voluntariado
41292,Participacion
41307,Educación y autoeducación
41313,Trabajo
41314,Protesta Social
41367,Combatir Delincuencia
41387,Participacion
41409,Reciprocidad-Redes
41413,Educación y autoeducación
41419,Confianza en las instituciones
41424,Combatir Delincuencia
41426,Participacion
41439,Confianza en las instituciones
41457,Educación y autoeducación
41464,Protesta Social
41469,Sustentabilidad Ambiental
41517,Educación y autoeducación
41519,Participacion
41536,Participacion
41563,Sustentabilidad Ambiental
41565,Educación y autoeducación
41578,Voluntariado
41588,Trabajo
41599,Reciprocidad-Redes
41600,Combatir Delincuencia
41619,Participacion
41620,Protesta Social
41633,Reciprocidad-Redes
41645,Protesta Social
41653,Confianza en las instituciones
41675,Cultura
41676,Confianza en las instituciones
41679,Voluntariado
41693,Reciprocidad-Redes
41699,Participacion
41755,Voluntariado
41762,Educación y autoeducación
41768,Voluntariado
41769,Protesta Social
41771,Sustentabilidad Ambiental
41797,Trabajo
41828,Participacion
41829,Sustentabilidad Ambiental
41836,Sustentabilidad Ambiental
41867,Educación y autoeducación
41897,Participacion
41902,Protesta Social
41932,Sustentabilidad Ambiental
41933,Reciprocidad-Redes
41936,Participacion
41948,Reciprocidad-Redes
41978,Autocuidado y Salud
41985,Participacion
41989,Participacion
41993,Trabajo
42013,Trabajo
42032,Educación y autoeducación
42063,Reciprocidad-Redes
42082,Reciprocidad-Redes
42093,Voluntariado
42106,Educación y autoeducación
42108,Inclusión y Diversidad
42109,Educación y autoeducación
42110,Protesta Social
42111,Participacion
42117,Participacion
42123,Voluntariado
42130,Educación y autoeducación
42131,Participacion
42151,Trabajo
42152,Reciprocidad-Redes
42169,Protesta Social
42199,Reciprocidad-Redes
42247,Protesta Social
42258,Educación y autoeducación
42269,Participacion
42273,Trabajo
42275,Educación y autoeducación
42287,Voluntariado
42300,Reciprocidad-Redes
42314,Voluntariado
42320,Voluntariado
42321,Educación y autoeducación
42332,Reciprocidad-Redes
42340,Reciprocidad-Redes
42341,Sustentabilidad Ambiental
42351,Trabajo
42355,Participacion
42358,Educación y autoeducación
42380,Reciprocidad-Redes
42382,Participacion
42384,Educación y autoeducación
42386,Participacion
42400,Participacion
42409,Reciprocidad-Redes
42425,Participacion
42430,Confianza en las instituciones
42455,Reciprocidad-Redes
42467,Sustentabilidad Ambiental
42473,Educación y autoeducación
42513,Educación y autoeducación
42514,Participacion
42523,Educación y autoeducación
42525,Educación y autoeducación
42537,Reciprocidad-Redes
42541,Voluntariado
42561,Participacion
42569,Reciprocidad-Redes
42571,Reciprocidad-Redes
42574,Cultura
42579,Reciprocidad-Redes
42587,Autocuidado y Salud
42598,Reciprocidad-Redes
42616,Sustentabilidad Ambiental
42635,Trabajo
42636,Participacion
42638,Sustentabilidad Ambiental
42639,Reciprocidad-Redes
42641,Reciprocidad-Redes
42644,Voluntariado
42645,Educación y autoeducación
42649,Participacion
42651,Educación y autoeducación
42652,Educación y autoeducación
42665,Voluntariado
42674,Participacion
42678,Voluntariado
42679,Participacion
42680,Reciprocidad-Redes
42685,Reciprocidad-Redes
42691,Educación y autoeducación
42700,Reciprocidad-Redes
42702,Voluntariado
42712,Confianza en las instituciones
42756,Educación y autoeducación
42770,Trabajo
42774,Protesta Social
42776,Educación y autoeducación
42778,Educación y autoeducación
42780,Reciprocidad-Redes
42805,Reciprocidad-Redes
42806,Reciprocidad-Redes
42828,Participacion
42840,Educación y autoeducación
42843,Participacion
42867,Reciprocidad-Redes
42868,Participacion
42879,Reciprocidad-Redes
42882,Inclusión y Diversidad
42884,Reciprocidad-Redes
42918,Protesta Social
42934,Trabajo
42935,Participacion
42952,Educación y autoeducación
42976,Autocuidado y Salud
42977,Sustentabilidad Ambiental
42987,Cultura
43012,Participacion
43013,Reciprocidad-Redes
43014,Educación y autoeducación
43021,Participacion
43031,Participacion
43033,Sustentabilidad Ambiental
43037,Educación y autoeducación
43051,Participacion
43099,Participacion
43114,Confianza en las instituciones
43122,Inclusión y Diversidad
43141,Sustentabilidad Ambiental
43142,Participacion
43143,Educación y autoeducación
43146,Reciprocidad-Redes
43150,Educación y autoeducación
43166,Sustentabilidad Ambiental
43168,Trabajo
43186,Reciprocidad-Redes
43188,Participacion
43189,Participacion
43193,Erradicar violencia contra la Mujer
43204,Reciprocidad-Redes
43217,Reciprocidad-Redes
43218,Reciprocidad-Redes
43228,Voluntariado
43237,Confianza en las instituciones
43261,Educación y autoeducación
43265,Educación y autoeducación
43274,Trabajo
43275,Protesta Social
43280,Inclusión y Diversidad
43313,Reciprocidad-Redes
43319,Reciprocidad-Redes
43335,Cultura
43340,Educación y autoeducación
43350,Educación y autoeducación
43351,Reciprocidad-Redes
43359,Confianza en las instituciones
43376,Educación y autoeducación
43377,Educación y autoeducación
43415,Educación y autoeducación
43421,Voluntariado
43427,Sustentabilidad Ambiental
43441,Reciprocidad-Redes
43445,Participacion
43457,Reciprocidad-Redes
43483,Educación y autoeducación
43494,Trabajo
43507,Reciprocidad-Redes
43508,Protesta Social
43533,Combatir Delincuencia
43543,Participacion
43545,Educación y autoeducación
43555,Voluntariado
43564,Reciprocidad-Redes
43598,Participacion
43599,Educación y autoeducación
43609,Protesta Social
43615,Reciprocidad-Redes
43622,Participacion
43629,Educación y autoeducación
43640,Reciprocidad-Redes
43641,Participacion
43646,Sustentabilidad Ambiental
43647,Participacion
43673,Educación y autoeducación
43676,Reciprocidad-Redes
43683,Participacion
43728,Participacion
43732,Participacion
43735,Sustentabilidad Ambiental
43739,Voluntariado
43740,Voluntariado
43756,Protesta Social
43761,Voluntariado
43765,Participacion
43778,Sustentabilidad Ambiental
43781,Combatir Delincuencia
43783,Autocuidado y Salud
43794,Trabajo
43800,Sustentabilidad Ambiental
43806,Protesta Social
43807,Educación y autoeducación
43820,Sustentabilidad Ambiental
43821,Educación y autoeducación
43822,Sustentabilidad Ambiental
43825,Voluntariado
43830,Voluntariado
43872,Reciprocidad-Redes
43884,Educación y autoeducación
43896,Educación y autoeducación
43911,Educación y autoeducación
43918,Trabajo
43924,Participacion
43953,Voluntariado
43961,Reciprocidad-Redes
43982,Confianza en las instituciones
43993,Participacion
44024,Protesta Social
44025,Protesta Social
44066,Reciprocidad-Redes
44079,Educación y autoeducación
44081,Participacion
44091,Educación y autoeducación
44099,Reciprocidad-Redes
44100,Confianza en las instituciones
44123,Educación y autoeducación
44130,Sustentabilidad Ambiental
44133,Reciprocidad-Redes
44135,Participacion
44136,Sustentabilidad Ambiental
44147,Trabajo
44162,Participacion
44166,Reciprocidad-Redes
44177,Confianza en las instituciones
44198,Reciprocidad-Redes
44200,Voluntariado
44209,Autocuidado y Salud
44210,Voluntariado
44226,Inclusión y Diversidad
44227,Educación y autoeducación
44230,Participacion
44231,Reciprocidad-Redes
44232,Reciprocidad-Redes
44250,Educación y autoeducación
44259,Participacion
44262,Educación y autoeducación
44268,Sustentabilidad Ambiental
44270,Educación y autoeducación
44301,Educación y autoeducación
44302,Confianza en las instituciones
44303,Participacion
44318,Educación y autoeducación
44324,Reciprocidad-Redes
44326,Reciprocidad-Redes
44327,Educación y autoeducación
44341,Reciprocidad-Redes
44345,Participacion
44348,Reciprocidad-Redes
44350,Sustentabilidad Ambiental
44353,Voluntariado
44367,Confianza en las instituciones
44368,Reciprocidad-Redes
44396,Reciprocidad-Redes
44401,Reciprocidad-Redes
44426,Protesta Social
44434,Confianza en las instituciones
44447,Participacion
44454,Educación y autoeducación
44457,Reciprocidad-Redes
44459,Reciprocidad-Redes
44460,Reciprocidad-Redes
44468,Voluntariado
44474,Participacion
44476,Reciprocidad-Redes
44493,Educación y autoeducación
44510,Participacion
44511,Confianza en las instituciones
44526,Voluntariado
44533,Reciprocidad-Redes
44536,Confianza en las instituciones
44555,Educación y autoeducación
44563,Reciprocidad-Redes
44578,Sustentabilidad Ambiental
44592,Reciprocidad-Redes
44629,Trabajo
44643,Reciprocidad-Redes
44644,Participacion
44650,Participacion
44655,Trabajo
44676,Protesta Social
44684,Educación y autoeducación
44698,Reciprocidad-Redes
44711,Participacion
44713,Educación y autoeducación
44720,Educación y autoeducación
44722,Reciprocidad-Redes
44724,Inclusión y Diversidad
44729,Sustentabilidad Ambiental
44735,Protesta Social
44758,Participacion
44771,Trabajo
44775,Combatir Delincuencia
44778,Inclusión y Diversidad
44786,Participacion
44839,Participacion
44843,Reciprocidad-Redes
44855,Voluntariado
44868,Educación y autoeducación
44874,Reciprocidad-Redes
44876,Educación y autoeducación
44884,Cultura
44885,Participacion
44889,Voluntariado
44893,Educación y autoeducación
44898,Trabajo
44906,Sustentabilidad Ambiental
44920,Sustentabilidad Ambiental
44929,Protesta Social
44948,Protesta Social
44950,Participacion
44953,Reciprocidad-Redes
44972,Voluntariado
44988,Protesta Social
45019,Educación y autoeducación
45033,Educación y autoeducación
45056,Participacion
45089,Confianza en las instituciones
45105,Trabajo
45117,Participacion
45137,Sustentabilidad Ambiental
45151,Voluntariado
45178,Voluntariado
45189,Participacion
45233,Educación y autoeducación
45241,Educación y autoeducación
45248,Reciprocidad-Redes
45251,Sustentabilidad Ambiental
45266,Sustentabilidad Ambiental
45269,Trabajo
45283,Reciprocidad-Redes
45284,Reciprocidad-Redes
45317,Participacion
45326,Confianza en las instituciones
45329,Reciprocidad-Redes
45331,Participacion
45332,Reciprocidad-Redes
45334,Reciprocidad-Redes
45346,Trabajo
45347,Cultura
45355,Participacion
45371,Voluntariado
45377,Educación y autoeducación
45379,Participacion
45390,Participacion
45396,Voluntariado
45410,Confianza en las instituciones
45413,Participacion
45414,Participacion
45445,Participacion
45463,Participacion
45464,Participacion
45478,Participacion
45505,Educación y autoeducación
45509,Participacion
45532,Trabajo
45545,Participacion
45554,Reciprocidad-Redes
45567,Trabajo
45583,Trabajo
45613,Educación y autoeducación
45626,Participacion
45627,Trabajo
45628,Trabajo
45631,Voluntariado
45632,Trabajo
45633,Autocuidado y Salud
45665,Confianza en las instituciones
45669,Autocuidado y Salud
45674,Reciprocidad-Redes
45683,Reciprocidad-Redes
45694,Participacion
45695,Sustentabilidad Ambiental
45696,Inclusión y Diversidad
45697,Participacion
45703,Protesta Social
45725,Reciprocidad-Redes
45730,Autocuidado y Salud
45738,Educación y autoeducación
45742,Sustentabilidad Ambiental
45752,Trabajo
45773,Educación y autoeducación
45777,Sustentabilidad Ambiental
45788,Reciprocidad-Redes
45792,Reciprocidad-Redes
45808,Confianza en las instituciones
45809,Participacion
45810,Reciprocidad-Redes
45817,Participacion
45818,Reciprocidad-Redes
45847,Voluntariado
45854,Educación y autoeducación
45863,Reciprocidad-Redes
45871,Voluntariado
45876,Reciprocidad-Redes
45901,Participacion
45918,Participacion
45919,Sustentabilidad Ambiental
45939,Educación y autoeducación
45964,Reciprocidad-Redes
45982,Confianza en las instituciones
45989,Sustentabilidad Ambiental
46006,Educación y autoeducación
46009,Participacion
46035,Voluntariado
46038,Reciprocidad-Redes
46048,Educación y autoeducación
46050,Reciprocidad-Redes
46055,Protesta Social
46072,Reciprocidad-Redes
46079,Educación y autoeducación
46082,Participacion
46083,Sustentabilidad Ambiental
46094,Reciprocidad-Redes
46101,Reciprocidad-Redes
46111,Protesta Social
46119,Participacion
46133,Sustentabilidad Ambiental
46134,Cultura
46135,Protesta Social
46144,Educación y autoeducación
46155,Sustentabilidad Ambiental
46165,Voluntariado
46190,Voluntariado
46199,Protesta Social
46205,Sustentabilidad Ambiental
46213,Educación y autoeducación
46243,Reciprocidad-Redes
46256,Confianza en las instituciones
46284,Trabajo
46308,Reciprocidad-Redes
46314,Voluntariado
46328,Participacion
46351,Reciprocidad-Redes
46354,Protesta Social
46364,Educación y autoeducación
46371,Voluntariado
46395,Reciprocidad-Redes
46396,Protesta Social
46409,Participacion
46417,Participacion
46420,Reciprocidad-Redes
46427,Reciprocidad-Redes
46447,Reciprocidad-Redes
46471,Reciprocidad-Redes
46473,Participacion
46476,Sustentabilidad Ambiental
46484,Educación y autoeducación
46486,Participacion
46500,Participacion
46511,Sustentabilidad Ambiental
46540,Sustentabilidad Ambiental
46541,Trabajo
46542,Combatir Delincuencia
46545,Autocuidado y Salud
46548,Inclusión y Diversidad
46565,Trabajo
46577,Educación y autoeducación
46601,Educación y autoeducación
46622,Educación y autoeducación
46623,Trabajo
46631,Sustentabilidad Ambiental
46633,Reciprocidad-Redes
46670,Trabajo
46677,Voluntariado
46679,Protesta Social
46691,Trabajo
46708,Combatir Delincuencia
46714,Participacion
46737,Trabajo
46741,Reciprocidad-Redes
46751,Reciprocidad-Redes
46753,Participacion
46777,Educación y autoeducación
46794,Reciprocidad-Redes
46795,Trabajo
46804,Autocuidado y Salud
46817,Inclusión y Diversidad
46827,Educación y autoeducación
46828,Voluntariado
46829,Voluntariado
46830,Reciprocidad-Redes
46835,Sustentabilidad Ambiental
46844,Protesta Social
46845,Educación y autoeducación
46847,Reciprocidad-Redes
46859,Reciprocidad-Redes
46879,Protesta Social
46882,Participacion
46917,Protesta Social
46926,Sustentabilidad Ambiental
46932,Participacion
46939,Confianza en las instituciones
46947,Voluntariado
46973,Educación y autoeducación
46975,Educación y autoeducación
46979,Confianza en las instituciones
46989,Participacion
46990,Reciprocidad-Redes
47001,Reciprocidad-Redes
47004,Reciprocidad-Redes
47013,Sustentabilidad Ambiental
47014,Participacion
47025,Educación y autoeducación
47026,Participacion
47033,Reciprocidad-Redes
47052,Participacion
47065,Reciprocidad-Redes
47102,Voluntariado
47109,Trabajo
47119,Participacion
47121,Trabajo
47131,Participacion
47146,Trabajo
47163,Sustentabilidad Ambiental
47171,Trabajo
47195,Reciprocidad-Redes
47200,Participacion
47209,Voluntariado
47221,Educación y autoeducación
47223,Participacion
47280,Trabajo
47286,Confianza en las instituciones
47292,Voluntariado
47302,Sustentabilidad Ambiental
47317,Voluntariado
47319,Educación y autoeducación
47325,Autocuidado y Salud
47329,Participacion
47340,Participacion
47351,Participacion
47358,Protesta Social
47374,Participacion
47386,Participacion
47396,Reciprocidad-Redes
47401,Participacion
47406,Voluntariado
47413,Confianza en las instituciones
47414,Educación y autoeducación
47437,Voluntariado
47442,Sustentabilidad Ambiental
47446,Reciprocidad-Redes
47452,Reciprocidad-Redes
47461,Participacion
47478,Educación y autoeducación
47479,Participacion
47481,Participacion
47484,Reciprocidad-Redes
47505,Reciprocidad-Redes
47508,Educación y autoeducación
47516,Sustentabilidad Ambiental
47527,Educación y autoeducación
47532,Educación y autoeducación
47536,Reciprocidad-Redes
47541,Educación y autoeducación
47542,Educación y autoeducación
47552,Trabajo
47555,Protesta Social
47556,Participacion
47567,Trabajo
47570,Voluntariado
47575,Sustentabilidad Ambiental
47595,Participacion
47611,Cultura
47622,Confianza en las instituciones
47631,Trabajo
47645,Educación y autoeducación
47656,Participacion
47664,Educación y autoeducación
47681,Reciprocidad-Redes
47707,Educación y autoeducación
47708,Educación y autoeducación
47730,Voluntariado
47731,Autocuidado y Salud
47774,Voluntariado
47777,Trabajo
47779,Participacion
47807,Voluntariado
47832,Reciprocidad-Redes
47833,Reciprocidad-Redes
47838,Reciprocidad-Redes
47853,Autocuidado y Salud
47877,Voluntariado
47878,Sustentabilidad Ambiental
47882,Voluntariado
47938,Educación y autoeducación
47944,Participacion
47956,Participacion
47978,Inclusión y Diversidad
48000,Reciprocidad-Redes
48006,Sustentabilidad Ambiental
48007,Reciprocidad-Redes
48016,Educación y autoeducación
48033,Educación y autoeducación
48044,Participacion
48078,Sustentabilidad Ambiental
48090,Participacion
48092,Sustentabilidad Ambiental
48101,Reciprocidad-Redes
48145,Autocuidado y Salud
48150,Educación y autoeducación
48152,Participacion
48160,Reciprocidad-Redes
48174,Reciprocidad-Redes
48175,Participacion
48192,Trabajo
48195,Protesta Social
48196,Reciprocidad-Redes
48198,Educación y autoeducación
48211,Educación y autoeducación
48213,Sustentabilidad Ambiental
48237,Participacion
48238,Reciprocidad-Redes
48241,Educación y autoeducación
48265,Reciprocidad-Redes
48280,Participacion
48284,Protesta Social
48309,Participacion
48314,Reciprocidad-Redes
48315,Participacion
48322,Sustentabilidad Ambiental
48325,Reciprocidad-Redes
48327,Reciprocidad-Redes
48354,Educación y autoeducación
48357,Participacion
48358,Educación y autoeducación
48359,Voluntariado
48364,Reciprocidad-Redes
48382,Educación y autoeducación
48385,Reciprocidad-Redes
48416,Autocuidado y Salud
48432,Voluntariado
48437,Reciprocidad-Redes
48438,Sustentabilidad Ambiental
48440,Sustentabilidad Ambiental
48472,Participacion
48478,Sustentabilidad Ambiental
48486,Sustentabilidad Ambiental
48511,Participacion
48536,Trabajo
48537,Reciprocidad-Redes
48538,Trabajo
48541,Participacion
48545,Confianza en las instituciones
48546,Participacion
48558,Reciprocidad-Redes
48589,Confianza en las instituciones
48590,Cultura
48591,Reciprocidad-Redes
48599,Reciprocidad-Redes
48612,Confianza en las instituciones
48625,Reciprocidad-Redes
48629,Reciprocidad-Redes
48640,Cultura
48653,Voluntariado
48660,Educación y autoeducación
48670,Participacion
48675,Participacion
48687,Participacion
48706,Reciprocidad-Redes
48711,Sustentabilidad Ambiental
48739,Sustentabilidad Ambiental
48742,Sustentabilidad Ambiental
48767,Voluntariado
48771,Voluntariado
48781,Educación y autoeducación
48788,Reciprocidad-Redes
48791,Trabajo
48798,Educación y autoeducación
48825,Participacion
48844,Trabajo
48855,Reciprocidad-Redes
48867,Reciprocidad-Redes
48877,Voluntariado
48881,Confianza en las instituciones
48901,Voluntariado
48904,Sustentabilidad Ambiental
48944,Reciprocidad-Redes
48960,Sustentabilidad Ambiental
48964,Trabajo
48966,Participacion
48975,Participacion
48991,Reciprocidad-Redes
49006,Educación y autoeducación
49009,Reciprocidad-Redes
49016,Reciprocidad-Redes
49024,Protesta Social
49029,Educación y autoeducación
49030,Trabajo
49061,Protesta Social
49062,Educación y autoeducación
49076,Protesta Social
49080,Reciprocidad-Redes
49083,Reciprocidad-Redes
49101,Educación y autoeducación
49147,Participacion
49156,Educación y autoeducación
49174,Combatir Delincuencia
49194,Sustentabilidad Ambiental
49196,Voluntariado
49200,Educación y autoeducación
49231,Confianza en las instituciones
49266,Sustentabilidad Ambiental
49267,Protesta Social
49270,Voluntariado
49285,Sustentabilidad Ambiental
49331,Sustentabilidad Ambiental
49407,Participacion
49414,Voluntariado
49416,Educación y autoeducación
49432,Protesta Social
49437,Confianza en las instituciones
49462,Educación y autoeducación
49463,Participacion
49487,Inclusión y Diversidad
49548,Sustentabilidad Ambiental
49552,Sustentabilidad Ambiental
49560,Voluntariado
49561,Inclusión y Diversidad
49568,Trabajo
49571,Participacion
49602,Educación y autoeducación
49604,Trabajo
49606,Educación y autoeducación
49615,Inclusión y Diversidad
49629,Sustentabilidad Ambiental
49651,Sustentabilidad Ambiental
49655,Sustentabilidad Ambiental
49670,Voluntariado
49671,Reciprocidad-Redes
49695,Participacion
49711,Sustentabilidad Ambiental
49724,Educación y autoeducación
49725,Educación y autoeducación
49735,Reciprocidad-Redes
49763,Participacion
49775,Reciprocidad-Redes
49784,Trabajo
49785,Participacion
49793,Combatir Delincuencia
49795,Reciprocidad-Redes
49810,Reciprocidad-Redes
49811,Reciprocidad-Redes
49817,Reciprocidad-Redes
49820,Reciprocidad-Redes
49830,Reciprocidad-Redes
49856,Reciprocidad-Redes
49857,Reciprocidad-Redes
49858,Reciprocidad-Redes
49860,Reciprocidad-Redes
49902,Reciprocidad-Redes
49915,Inclusión y Diversidad
49919,Participacion
49930,Reciprocidad-Redes
49937,Reciprocidad-Redes
49954,Protesta Social
49967,Participacion
49969,Participacion
49986,Educación y autoeducación
49998,Reciprocidad-Redes
50003,Voluntariado
50014,Reciprocidad-Redes
50019,Cultura
50023,Voluntariado
50033,Reciprocidad-Redes
50040,Combatir Delincuencia
50041,Participacion
50045,Sustentabilidad Ambiental
50052,Educación y autoeducación
50060,Participacion
50061,Reciprocidad-Redes
50072,Reciprocidad-Redes
50073,Reciprocidad-Redes
50094,Participacion
50101,Reciprocidad-Redes
50106,Protesta Social
50117,Educación y autoeducación
50141,Reciprocidad-Redes
50145,Voluntariado
50150,Confianza en las instituciones
50155,Participacion
50167,Educación y autoeducación
50181,Participacion
50186,Voluntariado
50191,Voluntariado
50193,Combatir Delincuencia
50198,Educación y autoeducación
50202,Reciprocidad-Redes
50288,Reciprocidad-Redes
50292,Reciprocidad-Redes
50320,Participacion
50321,Autocuidado y Salud
50324,Voluntariado
50326,Sustentabilidad Ambiental
50352,Educación y autoeducación
50367,Confianza en las instituciones
50374,Educación y autoeducación
50379,Participacion
50381,Reciprocidad-Redes
50391,Voluntariado
50395,Reciprocidad-Redes
50397,Trabajo
50421,Participacion
50434,Participacion
50449,Reciprocidad-Redes
50453,Voluntariado
50482,Protesta Social
50493,Educación y autoeducación
50498,Voluntariado
50507,Reciprocidad-Redes
50519,Voluntariado
50548,Confianza en las instituciones
50559,Educación y autoeducación
50569,Reciprocidad-Redes
50584,Participacion
50585,Reciprocidad-Redes
50595,Participacion
50598,Voluntariado
50625,Sustentabilidad Ambiental
50693,Confianza en las instituciones
50696,Educación y autoeducación
50715,Participacion
50743,Educación y autoeducación
50756,Voluntariado
50765,Participacion
50767,Sustentabilidad Ambiental
50775,Educación y autoeducación
50776,Protesta Social
50798,Voluntariado
50811,Voluntariado
50812,Confianza en las instituciones
50813,Cultura
50818,Participacion
50820,Reciprocidad-Redes
50822,Confianza en las instituciones
50848,Combatir Delincuencia
50888,Trabajo
50897,Protesta Social
50903,Reciprocidad-Redes
50905,Educación y autoeducación
50911,Confianza en las instituciones
50923,Protesta Social
50930,Reciprocidad-Redes
51011,Educación y autoeducación
51027,Voluntariado
51028,Educación y autoeducación
51043,Sustentabilidad Ambiental
51060,Inclusión y Diversidad
51067,Cultura
51070,Trabajo
51079,Educación y autoeducación
51122,Protesta Social
51132,Educación y autoeducación
51134,Reciprocidad-Redes
51135,Voluntariado
51139,Reciprocidad-Redes
51140,Voluntariado
51145,Reciprocidad-Redes
51150,Trabajo
51165,Reciprocidad-Redes
51166,Reciprocidad-Redes
51173,Protesta Social
51192,Participacion
51211,Confianza en las instituciones
51233,Confianza en las instituciones
51277,Reciprocidad-Redes
51286,Educación y autoeducación
51297,Sustentabilidad Ambiental
51301,Combatir Delincuencia
51302,Participacion
51304,Sustentabilidad Ambiental
51306,Sustentabilidad Ambiental
51308,Protesta Social
51316,Educación y autoeducación
51345,Voluntariado
51352,Participacion
51379,Reciprocidad-Redes
51381,Trabajo
51426,Educación y autoeducación
51431,Participacion
51437,Reciprocidad-Redes
51442,Educación y autoeducación
51459,Trabajo
51467,Participacion
51468,Voluntariado
51471,Autocuidado y Salud
51473,Voluntariado
51475,Participacion
51476,Voluntariado
51482,Voluntariado
51487,Educación y autoeducación
51495,Educación y autoeducación
51500,Educación y autoeducación
51506,Participacion
51525,Protesta Social
51527,Trabajo
51534,Participacion
51544,Educación y autoeducación
51549,Educación y autoeducación
51558,Reciprocidad-Redes
51563,Voluntariado
51564,Participacion
51569,Erradicar violencia contra la Mujer
51584,Participacion
51593,Educación y autoeducación
51596,Voluntariado
51598,Participacion
51618,Reciprocidad-Redes
51627,Sustentabilidad Ambiental
51628,Combatir Delincuencia
51638,Participacion
51663,Voluntariado
51669,Educación y autoeducación
51676,Educación y autoeducación
51683,Voluntariado
51684,Sustentabilidad Ambiental
51698,Reciprocidad-Redes
51709,Educación y autoeducación
51714,Sustentabilidad Ambiental
51730,Reciprocidad-Redes
51736,Educación y autoeducación
51786,Participacion
51789,Inclusión y Diversidad
51793,Sustentabilidad Ambiental
51795,Sustentabilidad Ambiental
51804,Participacion
51807,Reciprocidad-Redes
51825,Voluntariado
51830,Trabajo
51834,Educación y autoeducación
51843,Confianza en las instituciones
51862,Participacion
51866,Reciprocidad-Redes
51873,Reciprocidad-Redes
51880,Sustentabilidad Ambiental
51897,Voluntariado
51900,Protesta Social
51903,Participacion
51906,Confianza en las instituciones
51910,Educación y autoeducación
51943,Sustentabilidad Ambiental
51968,Voluntariado
51987,Participacion
52006,Participacion
52011,Participacion
52023,Participacion
52027,Participacion
52034,Participacion
52065,Reciprocidad-Redes
52089,Reciprocidad-Redes
52095,Sustentabilidad Ambiental
52113,Reciprocidad-Redes
52119,Educación y autoeducación
52125,Reciprocidad-Redes
52142,Participacion
52146,Protesta Social
52152,Educación y autoeducación
52153,Participacion
52161,Protesta Social
52162,Participacion
52173,Educación y autoeducación
52197,Sustentabilidad Ambiental
52200,Sustentabilidad Ambiental
52206,Reciprocidad-Redes
52215,Reciprocidad-Redes
52226,Voluntariado
52233,Voluntariado
52239,Sustentabilidad Ambiental
52244,Sustentabilidad Ambiental
52245,Confianza en las instituciones
52266,Combatir Delincuencia
52271,Educación y autoeducación
52272,Participacion
52273,Voluntariado
52274,Participacion
52282,Reciprocidad-Redes
52287,Protesta Social
52307,Reciprocidad-Redes
52332,Educación y autoeducación
52333,Protesta Social
52337,Sustentabilidad Ambiental
52340,Trabajo
52348,Confianza en las instituciones
52354,Participacion
52367,Protesta Social
52371,Educación y autoeducación
52372,Reciprocidad-Redes
52379,Participacion
52384,Protesta Social
52387,Trabajo
52406,Educación y autoeducación
52410,Educación y autoeducación
52420,Sustentabilidad Ambiental
52428,Participacion
52446,Reciprocidad-Redes
52452,Inclusión y Diversidad
52455,Participacion
52490,Voluntariado
52491,Voluntariado
52504,Participacion
52516,Autocuidado y Salud
52525,Educación y autoeducación
52548,Educación y autoeducación
52550,Participacion
52555,Protesta Social
52558,Inclusión y Diversidad
52566,Reciprocidad-Redes
52570,Participacion
52581,Educación y autoeducación
52611,Trabajo
52620,Educación y autoeducación
52621,Participacion
52623,Educación y autoeducación
52635,Reciprocidad-Redes
52638,Combatir Delincuencia
52639,Educación y autoeducación
52642,Voluntariado
52646,Participacion
52647,Voluntariado
52651,Protesta Social
52668,Participacion
52674,Reciprocidad-Redes
52689,Sustentabilidad Ambiental
52700,Sustentabilidad Ambiental
52708,Voluntariado
52727,Sustentabilidad Ambiental
52757,Participacion
52765,Voluntariado
52787,Protesta Social
52805,Protesta Social
52818,Trabajo
52830,Reciprocidad-Redes
52835,Reciprocidad-Redes
52839,Reciprocidad-Redes
52848,Sustentabilidad Ambiental
52851,Reciprocidad-Redes
52860,Reciprocidad-Redes
52872,Sustentabilidad Ambiental
52881,Cultura
52887,Participacion
52896,Voluntariado
52903,Participacion
52922,Inclusión y Diversidad
52931,Sustentabilidad Ambiental
52941,Inclusión y Diversidad
52950,Reciprocidad-Redes
52960,Participacion
53016,Confianza en las instituciones
53019,Reciprocidad-Redes
53022,Educación y autoeducación
53044,Sustentabilidad Ambiental
53073,Reciprocidad-Redes
53097,Sustentabilidad Ambiental
53101,Trabajo
53103,Voluntariado
53105,Reciprocidad-Redes
53124,Educación y autoeducación
53136,Participacion
53144,Reciprocidad-Redes
53152,Sustentabilidad Ambiental
53157,Trabajo
53220,Voluntariado
53229,Educación y autoeducación
53248,Educación y autoeducación
53253,Participacion
53255,Reciprocidad-Redes
53285,Participacion
53289,Participacion
53290,Reciprocidad-Redes
53326,Inclusión y Diversidad
53331,Sustentabilidad Ambiental
53386,Participacion
53457,Participacion
53460,Reciprocidad-Redes
53495,Combatir Delincuencia
53512,Protesta Social
53561,Educación y autoeducación
53565,Reciprocidad-Redes
53595,Participacion
53605,Reciprocidad-Redes
53606,Sustentabilidad Ambiental
53609,Trabajo
53628,Participacion
53633,Protesta Social
53653,Participacion
53657,Educación y autoeducación
53659,Reciprocidad-Redes
53667,Participacion
53675,Voluntariado
53680,Educación y autoeducación
53708,Reciprocidad-Redes
53716,Reciprocidad-Redes
53736,Sustentabilidad Ambiental
53750,Participacion
53758,Participacion
53769,Confianza en las instituciones
53774,Reciprocidad-Redes
53776,Participacion
53799,Voluntariado
53807,Sustentabilidad Ambiental
53827,Autocuidado y Salud
53833,Reciprocidad-Redes
53859,Participacion
53875,Protesta Social
53887,Trabajo
53890,Combatir Delincuencia
53929,Educación y autoeducación
53930,Educación y autoeducación
53934,Participacion
53944,Reciprocidad-Redes
53964,Protesta Social
53974,Reciprocidad-Redes
53997,Voluntariado
54001,Reciprocidad-Redes
54006,Autocuidado y Salud
54014,Confianza en las instituciones
54018,Voluntariado
54021,Inclusión y Diversidad
54040,Protesta Social
54051,Reciprocidad-Redes
54070,Sustentabilidad Ambiental
54096,Protesta Social
54107,Participacion
54120,Confianza en las instituciones
54131,Educación y autoeducación
54160,Reciprocidad-Redes
54172,Trabajo
54196,Participacion
54200,Reciprocidad-Redes
54201,Participacion
54210,Protesta Social
54224,Educación y autoeducación
54239,Reciprocidad-Redes
54241,Reciprocidad-Redes
54249,Reciprocidad-Redes
54258,Confianza en las instituciones
54277,Inclusión y Diversidad
54280,Educación y autoeducación
54282,Sustentabilidad Ambiental
54290,Voluntariado
54306,Sustentabilidad Ambiental
54320,Sustentabilidad Ambiental
54328,Educación y autoeducación
54340,Protesta Social
54350,Educación y autoeducación
54353,Cultura
54369,Trabajo
